run,elapsed_sec,tokens_approx,tps,response,response_preview,timestamp,success,error,runtime,model,model_size_gb,prompt_type,prompt_description
1,3.98,6,1.51,La capital de Francia es París.,La capital de Francia es París.,2026-01-08T09:37:00.448497,True,,ollama,llama3.2:3b,2.0,simple,Respuesta factual simple (1 palabra)
2,0.96,6,6.26,La capital de Francia es París.,La capital de Francia es París.,2026-01-08T09:37:01.409659,True,,ollama,llama3.2:3b,2.0,simple,Respuesta factual simple (1 palabra)
3,1.0,6,6.02,La capital de Francia es París.,La capital de Francia es París.,2026-01-08T09:37:02.408770,True,,ollama,llama3.2:3b,2.0,simple,Respuesta factual simple (1 palabra)
1,3.03,40,13.19,"La inteligencia artificial (IA) se refiere a la capacidad de los sistemas informáticos para realizar tareas que normalmente requerirían inteligencia humana, como el aprendizaje, el razonamiento y la toma de decisiones, utilizando algoritmos y técnicas de procesamiento de lenguaje natural.","La inteligencia artificial (IA) se refiere a la capacidad de los sistemas informáticos para realizar tareas que normalmente requerirían inteligencia humana, como el aprendizaje, el razonamiento y la t...",2026-01-08T09:37:05.443321,True,,ollama,llama3.2:3b,2.0,medium,Explicación técnica breve
2,3.03,45,14.87,"La inteligencia artificial (IA) es un campo de la informática que busca crear sistemas capaces de realizar tareas que normalmente requieren habilidades humanas, como aprender, razonar y tomar decisiones. La IA se basa en algoritmos y datos para emular o superar las capacidades cognitivas humanas.","La inteligencia artificial (IA) es un campo de la informática que busca crear sistemas capaces de realizar tareas que normalmente requieren habilidades humanas, como aprender, razonar y tomar decision...",2026-01-08T09:37:08.471940,True,,ollama,llama3.2:3b,2.0,medium,Explicación técnica breve
3,3.35,47,14.04,"La inteligencia artificial (IA) se refiere al desarrollo de sistemas y algoritmos que permiten a los ordenadores simular o imitar procesos humanos, como el razonamiento, el aprendizaje y la resolución de problemas, utilizando técnicas de lógica, matemáticas y análisis de datos para mejorar su rendimiento y eficiencia.","La inteligencia artificial (IA) se refiere al desarrollo de sistemas y algoritmos que permiten a los ordenadores simular o imitar procesos humanos, como el razonamiento, el aprendizaje y la resolución...",2026-01-08T09:37:11.821095,True,,ollama,llama3.2:3b,2.0,medium,Explicación técnica breve
1,38.58,720,18.66,"**Edge Computing vs Cloud Computing: Ventajas y Desventajas**

La elección entre edge computing y cloud computing para aplicaciones de IA depende de varios factores, incluyendo costos operativos, privacidad de datos, latencia y escalabilidad. A continuación, se presentan tres puntos clave por cada aspecto:

**Costos Operativos**

* **Edge Computing:**
 1. Reducción de la carga en la nube: Al procesar las aplicaciones de IA cerca del dispositivo, se reduce la cantidad de datos que se deben transmitir a la nube y, por lo tanto, se minimiza el costo operativo.
 2. Uso eficiente de recursos: Edge computing permite aprovechar los recursos locales del dispositivo, lo que puede reducir los costos de hardware y energía.
 3. Economías de escala: Al procesar las aplicaciones de IA en dispositivos más pequeños, se pueden obtener economías de escala al reducir el tamaño y la complejidad de la infraestructura.

* **Cloud Computing:**
 1. Acceso a recursos escalables: La nube ofrece una gran cantidad de recursos escalables que se pueden utilizar según sea necesario.
 2. Compartir costos: Las empresas pueden compartir los costos de hardware y energía al utilizar servicios en la nube.
 3. Personalización y soporte técnico: Los proveedores de cloud computing ofrecen personalización y soporte técnico para garantizar una experiencia óptima.

**Privacidad de Datos**

* **Edge Computing:**
 1. Control total sobre los datos: El procesamiento de las aplicaciones de IA cerca del dispositivo permite un control total sobre los datos que se procesan.
 2. Minimización de la exposición a ataques: La distancia entre el dispositivo y la nube reduce la exposición de los datos a posibles ataques cibernéticos.
 3. Cumplimiento de regulaciones: Edge computing puede ayudar a cumplir con las regulaciones sobre privacidad de datos, como la GDPR.

* **Cloud Computing:**
 1. Acceso a grandes conjuntos de datos: La nube ofrece acceso a grandes conjuntos de datos que se pueden utilizar para entrenar modelos de IA.
 2. Análisis de datos en escala: Cloud computing permite realizar análisis de datos en escala, lo que puede ser útil para aplicaciones de IA que requieren grandes cantidades de datos.
 3. Colaboración y compartición: Los proveedores de cloud computing ofrecen herramientas para compartir y colaborar en proyectos de IA.

**Latencia**

* **Edge Computing:**
 1. Reducción de latencia: El procesamiento de las aplicaciones de IA cerca del dispositivo reduce la latencia, ya que los datos no deben ser transmitidos a la nube.
 2. Mejora de la experiencia del usuario: La latencia reducida proporciona una mejor experiencia del usuario, especialmente en aplicaciones que requieren resolución de problemas en tiempo real.
 3. Reducción de la congestión: Edge computing puede ayudar a reducir la congestión en las redes, lo que mejora la eficiencia y la estabilidad.

* **Cloud Computing:**
 1. Acceso a recursos remotos: La nube ofrece acceso a recursos remotos que pueden ser utilizados para procesar aplicaciones de IA.
 2. Escalabilidad y flexibilidad: Cloud computing permite escalar y flexibilizar los recursos según sea necesario, lo que puede mejorar la latencia en algunas situaciones.
 3. Mayor capacidad de procesamiento: La nube ofrece una mayor capacidad de procesamiento que la infraestructura local, lo que puede reducir la latencia en algunas aplicaciones.

**Escalabilidad**

* **Edge Computing:**
 1. Escalabilidad basada en dispositivo: Edge computing permite escalar según sea necesario, ya que se pueden agregar dispositivos y recursos para aumentar la capacidad de procesamiento.
 2. Uso eficiente de recursos: El uso eficiente de los recursos locales del dispositivo puede reducir el costo operativo y mejorar la escalabilidad.
 3. Flexibilidad en la configuración: Edge computing permite una flexibilidad mayor en la configuración, ya que se pueden utilizar dispositivos personalizados para procesar aplicaciones de IA.

* **Cloud Computing:**
 1. Escalabilidad en escala: La nube ofrece escala en escala, lo que significa que los recursos se pueden agregar o eliminar según sea necesario.
 2. Compartir recursos con otros usuarios: Los proveedores de cloud computing ofrecen la capacidad de compartir recursos con otros usuarios, lo que puede mejorar la escalabilidad.
 3. Mayor capacidad de procesamiento: La nube ofrece una mayor capacidad de procesamiento que la infraestructura local, lo que puede mejorar la escalabilidad en algunas situaciones.

En resumen, edge computing y cloud computing tienen ventajas y desventajas en términos de costos operativos, privacidad de datos, latencia y escalabilidad. La elección entre ambas opciones depende del tipo de aplicación de IA, las necesidades específicas de la empresa y los requisitos de seguridad y privacidad.","**Edge Computing vs Cloud Computing: Ventajas y Desventajas**

La elección entre edge computing y cloud computing para aplicaciones de IA depende de varios factores, incluyendo costos operativos, priv...",2026-01-08T09:37:50.406081,True,,ollama,llama3.2:3b,2.0,complex,Análisis estructurado multi-aspecto
2,62.3,1132,18.17,"**Edge Computing vs Cloud Computing para Aplicaciones de IA**

La computación en la frontera (edge computing) y la computación en la nube (cloud computing) son dos modelos de procesamiento que pueden ser utilizados para aplicaciones de Inteligencia Artificial (IA). A continuación, se presentan las ventajas y desventajas de cada opción considerando los aspectos del costo operativo, privacidad de datos, latencia y escalabilidad.

**Costos Operativos**

### Edge Computing

Ventajas:

1. **Reduccción de costos**: La computación en la frontera reduce la necesidad de enviar datos grandes a la nube, lo que puede ahorrar costos de almacenamiento y procesamiento.
2. **Menor uso de la nube**: Al procesar los datos en la frontera, se reduce el uso de la nube, lo que puede llevar a reducciones en los costos de energía y recursos.
3. **Mejora del rendimiento**: La computación en la frontera puede mejorar el rendimiento de la aplicación, ya que los datos no necesitan ser enviados a la nube.

Desventajas:

1. **Inversión inicial**: La implementación de una red de edge computing requiere una inversión inicial significativa.
2. **Manejo de dispositivos**: Se necesita un equipo especializado para procesar los datos en la frontera, lo que puede ser costoso.
3. **Redundancia y replicación**: La redundancia y replicación de los datos en la frontera pueden ser difíciles de implementar.

### Cloud Computing

Ventajas:

1. **Escalabilidad**: Los proveedores de servicios en la nube ofrecen escalabilidad instantánea, lo que permite ajustar recursos según sea necesario.
2. **Inversión inicial menor**: La implementación de una aplicación en la nube requiere una inversión inicial menor comparada con la computación en la frontera.
3. **Mejores herramientas y servicios**: Los proveedores de servicios en la nube ofrecen una amplia variedad de herramientas y servicios que pueden ser utilizados para las aplicaciones de IA.

Desventajas:

1. **Costos elevados**: Los costos de procesamiento y almacenamiento en la nube pueden ser significativamente más altos que en la frontera.
2. **Latencia**: La latencia puede ser un problema si los datos deben ser enviados a la nube para procesarse.
3. **Dependencia de Internet**: Las aplicaciones en la nube requieren una conexión estable y constante a Internet.

**Privacidad de Datos**

### Edge Computing

Ventajas:

1. **Control sobre los datos**: La computación en la frontera permite un mayor control sobre los datos, ya que se procesan en un dispositivo local.
2. **Reducción de riesgos de ataques**: Los datos no necesitan ser enviados a la nube, lo que reduce el riesgo de ataques cibernéticos.
3. **Mejora de la confidencialidad**: La computación en la frontera puede mejorar la confidencialidad de los datos, ya que se procesan en un dispositivo local.

Desventajas:

1. **Acceso limitado**: Los datos procesados en la frontera no pueden ser accedidos fácilmente por otros dispositivos o usuarios.
2. **Dificultad para compartir datos**: La computación en la frontera puede hacer más difícil compartir datos con otros dispositivos o aplicaciones.

### Cloud Computing

Ventajas:

1. **Acceso a los datos**: Los datos almacenados en la nube pueden ser accedidos fácilmente desde cualquier dispositivo conectado a Internet.
2. **Compartir datos**: La computación en la nube permite compartir datos con otros dispositivos o aplicaciones de manera fácil y segura.
3. **Escalabilidad de los datos**: Los proveedores de servicios en la nube ofrecen escalabilidad de los datos, lo que permite ajustar recursos según sea necesario.

Desventajas:

1. **Riesgo de ataques cibernéticos**: Los datos almacenados en la nube son vulnerables a ataques cibernéticos.
2. **Pérdida de control sobre los datos**: La computación en la nube puede hacer que sea más difícil controlar los datos, ya que se procesan y se almacenan en un proveedor de servicios remoto.

**Latencia**

### Edge Computing

Ventajas:

1. **Reducción de latencia**: La computación en la frontera reduce la necesidad de enviar datos grandes a la nube, lo que puede reducir la latencia.
2. **Mejora del rendimiento**: La computación en la frontera puede mejorar el rendimiento de la aplicación, ya que los datos no necesitan ser enviados a la nube.
3. **Acceso a los datos locales**: Los datos procesados en la frontera pueden ser accedidos localmente, lo que reduce la latencia.

Desventajas:

1. **Limitaciones de la red**: La computación en la frontera depende de una buena conexión a Internet y puede estar limitada por las capacidades de la red.
2. **Dificultad para manejar grandes cantidades de datos**: La computación en la frontera puede ser difícil de manejar con grandes cantidades de datos.

### Cloud Computing

Ventajas:

1. **Acceso a los recursos**: Los proveedores de servicios en la nube ofrecen acceso a recursos y capacidad procesadora ilimitados.
2. **Flexibilidad en la configuración**: La computación en la nube permite flexibilidad en la configuración de los recursos y la capacidad procesadora.

Desventajas:

1. **Latencia aumentada**: Los datos deben ser enviados a la nube para procesarse, lo que puede aumentar la latencia.
2. **Dependencia de Internet**: La computación en la nube depende de una conexión estable y constante a Internet, lo que puede causar latencia.

**Escalabilidad**

### Edge Computing

Ventajas:

1. **Mejora del rendimiento**: La computación en la frontera puede mejorar el rendimiento de la aplicación, ya que los datos no necesitan ser enviados a la nube.
2. **Acceso a los datos locales**: Los datos procesados en la frontera pueden ser accedidos localmente, lo que reduce la latencia.
3. **Flexibilidad en la configuración**: La computación en la frontera permite flexibilidad en la configuración de los recursos y la capacidad procesadora.

Desventajas:

1. **Limitaciones de la red**: La computación en la frontera depende de una buena conexión a Internet y puede estar limitada por las capacidades de la red.
2. **Dificultad para manejar grandes cantidades de datos**: La computación en la frontera puede ser difícil de manejar con grandes cantidades de datos.

### Cloud Computing

Ventajas:

1. **Acceso a los recursos**: Los proveedores de servicios en la nube ofrecen acceso a recursos y capacidad procesadora ilimitados.
2. **Flexibilidad en la configuración**: La computación en la nube permite flexibilidad en la configuración de los recursos y la capacidad procesadora.
3. **Escalabilidad instantánea**: Los proveedores de servicios en la nube ofrecen escalabilidad instantánea, lo que permite ajustar recursos según sea necesario.

Desventajas:

1. **Latencia aumentada**: Los datos deben ser enviados a la nube para procesarse, lo que puede aumentar la latencia.
2. **Dependencia de Internet**: La computación en la nube depende de una conexión estable y constante a Internet, lo que puede causar latencia.

En resumen, la computación en la frontera y la computación en la nube tienen ventajas y desventajas que deben ser consideradas al elegir un modelo para aplicaciones de IA. La computación en la frontera puede ofrecer mejores rendimientos y acceso a los datos locales, pero también puede tener limitaciones de red y dificultades para manejar grandes cantidades de datos. La computación en la nube ofrece escalabilidad instantánea y acceso a recursos ilimitados, pero también puede aumentar la latencia y requerir una conexión estable y constante a Internet.","**Edge Computing vs Cloud Computing para Aplicaciones de IA**

La computación en la frontera (edge computing) y la computación en la nube (cloud computing) son dos modelos de procesamiento que pueden ...",2026-01-08T09:38:52.712444,True,,ollama,llama3.2:3b,2.0,complex,Análisis estructurado multi-aspecto
3,28.58,493,17.25,"**Ventajas de Edge Computing vs Cloud Computing**

### 1. Costos Operativos

**Edge Computing:**

* Ventaja 1: Reducción de los costos de conexión a Internet y el uso de redes de transporte.
* Ventaja 2: Eliminación del costo asociado con la almacenamiento y procesamiento de datos en la nube.
* Ventaja 3: Mejora de la eficiencia energética gracias a la proximidad del hardware a los sensores y dispositivos.

**Cloud Computing:**

* Desventaja 1: Costos mensuales o anuales por el uso de recursos en la nube.
* Desventaja 2: Consumo de energía generada por la demanda de servidores y infraestructura.
* Desventaja 3: Dependencia de Internet estable para el acceso a los datos.

### 2. Privacidad de Datos

**Edge Computing:**

* Ventaja 1: Proximidad física al dispositivo o sensor, lo que reduce el riesgo de interceptación de datos en tránsito.
* Ventaja 2: Control total sobre el tratamiento y almacenamiento de los datos locales.
* Ventaja 3: Posibilidad de implementar medidas de seguridad adicionales específicas para cada aplicación.

**Cloud Computing:**

* Desventaja 1: Exposición de los datos a riesgos de interceptación o robo debido a la naturaleza remota.
* Desventaja 2: Necesidad de cumplir con regulaciones y normas de privacidad como GDPR y CCPA.
* Desventaja 3: Dificultad para implementar control total sobre el tratamiento de los datos en la nube.

### 3. Latencia

**Edge Computing:**

* Ventaja 1: Reducción de latencia debido a la proximidad del hardware al dispositivo, lo que reduce el tiempo de respuesta.
* Ventaja 2: Acceso instantáneo a los datos sin necesidad de conexión a Internet.
* Ventaja 3: Mejora de la experiencia del usuario gracias a respuestas más rápidas.

**Cloud Computing:**

* Desventaja 1: Dependencia de la velocidad de Internet para acceder a los datos, lo que puede aumentar latencia.
* Desventaja 2: Latencia potencial debido a tránsitos y congestiones en las redes de transporte.
* Desventaja 3: Necesidad de implementar mecanismos de caching y optimización para reducir la latencia.

### 4. Escalabilidad

**Edge Computing:**

* Ventaja 1: Capacidades de escalabilidad a medida, permitiendo adaptarse a cambios en el volumen de datos.
* Ventaja 2: Posibilidad de implementar hardware especializado para aplicaciones específicas.
* Ventaja 3: Mayor control sobre la gestión del proceso y ajuste según sea necesario.

**Cloud Computing:**

* Desventaja 1: Limitaciones en la escalabilidad debido a las restricciones de capacidad y recursos en la nube.
* Desventaja 2: Costo asociado con el aumento de la cantidad de servidores necesarios para manejar el volumen de datos.
* Desventaja 3: Mayor complejidad a la hora de gestionar y coordinar procesos en una infraestructura remota.

En resumen, Edge Computing es adecuado para aplicaciones que requieren alta disponibilidad, latencia reducida y privacidad de datos, pero puede ser más costoso y complejo. Cloud Computing ofrece mayor escalabilidad y flexibilidad, pero con posibles desventajas en términos de privacidad de datos, costos operativos y latencia. La elección entre ambas opciones dependerá del caso específico y las necesidades particulares de la aplicación de IA.","**Ventajas de Edge Computing vs Cloud Computing**

### 1. Costos Operativos

**Edge Computing:**

* Ventaja 1: Reducción de los costos de conexión a Internet y el uso de redes de transporte.
* Ventaja...",2026-01-08T09:39:21.290151,True,,ollama,llama3.2:3b,2.0,complex,Análisis estructurado multi-aspecto
1,8.72,145,16.63,"def fibonacci(n: int) -> list:
    """"""
    Calcula los primeros n números de la secuencia de Fibonacci.

    La secuencia de Fibonacci es una secuencia matemática en la que cada número es la suma de los dos anteriores.
    El primer número es 0, y el segundo es 1. A partir del tercer número, cada número es la suma de los dos números antes.
    
    Args:
        n (int): La cantidad de números de Fibonacci que se desean calcular.

    Returns:
        list: Una lista de los primeros n números de la secuencia de Fibonacci.
    """"""

    # Inicializamos la lista con el primer y segundo número de la secuencia
    fib_sequence = [0, 1]

    # Calculamos los números restantes de la secuencia
    for i in range(2, n):
        # Cada número es la suma de los dos anteriores
        next_number = fib_sequence[i-1] + fib_sequence[i-2]
        # Agregamos el nuevo número a la lista
        fib_sequence.append(next_number)

    return fib_sequence","def fibonacci(n: int) -> list:
    """"""
    Calcula los primeros n números de la secuencia de Fibonacci.

    La secuencia de Fibonacci es una secuencia matemática en la que cada número es la suma de l...",2026-01-08T09:39:30.009323,True,,ollama,llama3.2:3b,2.0,coding,Generación de código con documentación
2,8.18,127,15.52,"def fibonacci(n: int) -> list[int]:
    """"""
    Calcula los primeros n números de la secuencia de Fibonacci.

    Args:
        n (int): El número de términos a calcular en la secuencia.

    Returns:
        list[int]: Una lista con los primeros n números de la secuencia de Fibonacci.
    """"""

    # Si n es menor o igual a 1, devuelve una lista con solo ese valor
    if n <= 1:
        return [0] * n

    # Inicializa la lista con el primer y segundo término de la secuencia
    fib_sequence = [0, 1]

    # Calcula los siguientes n-2 términos de la secuencia
    for _ in range(2, n):
        # El próximo término es la suma del último y el penúltimo término
        next_term = fib_sequence[-1] + fib_sequence[-2]
        # Agrega el nuevo término a la lista
        fib_sequence.append(next_term)

    return fib_sequence","def fibonacci(n: int) -> list[int]:
    """"""
    Calcula los primeros n números de la secuencia de Fibonacci.

    Args:
        n (int): El número de términos a calcular en la secuencia.

    Returns:...",2026-01-08T09:39:38.194006,True,,ollama,llama3.2:3b,2.0,coding,Generación de código con documentación
3,7.79,115,14.76,"def fibonacci(n: int) -> list[int]:
    """"""
    Calcula los primeros n números de la secuencia de Fibonacci.

    Args:
        n (int): El número de términos a calcular en la secuencia de Fibonacci.

    Returns:
        list[int]: Una lista con los primeros n números de la secuencia de Fibonacci.
    """"""
    # Inicializamos la secuencia de Fibonacci con el primer término
    fib_sequence = [0, 1]
    
    # Si n es mayor que 2, calculamos los siguientes n - 2 términos
    if n > 2:
        for i in range(2, n):
            # Cada término se calcula como la suma de los dos términos anteriores
            next_fib = fib_sequence[i - 1] + fib_sequence[i - 2]
            # Añadimos el nuevo término a la secuencia
            fib_sequence.append(next_fib)
    
    return fib_sequence","def fibonacci(n: int) -> list[int]:
    """"""
    Calcula los primeros n números de la secuencia de Fibonacci.

    Args:
        n (int): El número de términos a calcular en la secuencia de Fibonacci.
...",2026-01-08T09:39:45.988847,True,,ollama,llama3.2:3b,2.0,coding,Generación de código con documentación
1,6.03,9,1.49,"La capital de Francia es París (en francés, Paris).","La capital de Francia es París (en francés, Paris).",2026-01-08T09:39:52.018089,True,,ollama,llama3:8b,4.7,simple,Respuesta factual simple (1 palabra)
2,1.36,9,6.63,"La capital de Francia es París (en francés, Paris).","La capital de Francia es París (en francés, Paris).",2026-01-08T09:39:53.377797,True,,ollama,llama3:8b,4.7,simple,Respuesta factual simple (1 palabra)
3,1.42,9,6.33,"La capital de Francia es París (en francés, Paris).","La capital de Francia es París (en francés, Paris).",2026-01-08T09:39:54.801337,True,,ollama,llama3:8b,4.7,simple,Respuesta factual simple (1 palabra)
1,4.23,45,10.63,"La inteligencia artificial (IA) se refiere a sistemas que pueden realizar tareas que habitualmente requieren la inteligencia humana, como aprender, razonar y tomar decisiones, mediante algoritmos y procesamiento de información automatizado. Esto permite a las máquinas realizar tareas complejas sin necesidad de ser programadas explícitamente.","La inteligencia artificial (IA) se refiere a sistemas que pueden realizar tareas que habitualmente requieren la inteligencia humana, como aprender, razonar y tomar decisiones, mediante algoritmos y pr...",2026-01-08T09:39:59.036844,True,,ollama,llama3:8b,4.7,medium,Explicación técnica breve
2,3.81,42,11.02,"La inteligencia artificial (IA) se refiere a la capacidad de los ordenadores y otros dispositivos para realizar tareas que habitualmente requieren habilidades humanas, como el aprendizaje, el razonamiento y la toma de decisiones, mediante algoritmos y técnicas de procesamiento de información automatizados.","La inteligencia artificial (IA) se refiere a la capacidad de los ordenadores y otros dispositivos para realizar tareas que habitualmente requieren habilidades humanas, como el aprendizaje, el razonami...",2026-01-08T09:40:02.849047,True,,ollama,llama3:8b,4.7,medium,Explicación técnica breve
3,3.78,43,11.37,"La inteligencia artificial (IA) se refiere a la capacidad de las máquinas y los programas informáticos para realizar tareas que habitualmente requieren la intuición, el razonamiento o la toma de decisiones humanos, como procesar información, aprender de ella y adaptarse a situaciones nuevas.","La inteligencia artificial (IA) se refiere a la capacidad de las máquinas y los programas informáticos para realizar tareas que habitualmente requieren la intuición, el razonamiento o la toma de decis...",2026-01-08T09:40:06.634095,True,,ollama,llama3:8b,4.7,medium,Explicación técnica breve
1,35.85,586,16.34,"Here's an analysis of the advantages and disadvantages of using edge computing versus cloud computing for AI applications, considering cost, privacy, latency, and scalability:

**Costs Operativos (Operational Costs)**

Edge Computing:
1. Reduced costs due to reduced data transmission: By processing data locally, you reduce the amount of data that needs to be transmitted to the cloud or a central location.
2. Lower energy consumption: Edge devices typically consume less power than data centers, which can lead to lower operational costs.
3. Simplified infrastructure management: With edge computing, you may not need to manage as many servers or data centers, reducing administrative costs.

Cloud Computing:
1. Higher scalability without additional hardware: Cloud providers offer scalable resources that can be quickly provisioned or terminated as needed.
2. Centralized management and maintenance: Cloud providers handle maintenance, updates, and troubleshooting for you, freeing up your IT team to focus on other tasks.
3. Access to advanced infrastructure: Cloud providers often invest in the latest technologies and equipment, which can provide better performance and reliability.

**Privacidad de datos (Data Privacy)**

Edge Computing:
1. Data remains local: Edge devices typically process data locally, reducing the need for transmitting sensitive information to the cloud or a central location.
2. Reduced risk of data breaches: By processing data locally, you reduce the attack surface and minimize the risk of data breaches in transit.
3. Compliance with regulations: Edge computing can help organizations comply with regulatory requirements that mandate local data processing and storage.

Cloud Computing:
1. Secure infrastructure: Cloud providers invest heavily in security measures to protect customer data, including encryption, firewalls, and access controls.
2. Centralized management of access control: Cloud providers offer tools for managing access controls, authentication, and authorization for users and devices.
3. Compliance with regulations: Cloud providers often have certifications and compliance frameworks in place to help organizations meet regulatory requirements.

**Latencia (Latency)**

Edge Computing:
1. Reduced latency: Edge computing reduces the distance data needs to travel, resulting in lower latency and faster processing times.
2. Real-time processing: Edge devices can process data in real-time, making it ideal for applications that require immediate responses.
3. Improved user experience: By reducing latency, edge computing can improve the overall user experience for applications that rely on fast data processing.

Cloud Computing:
1. Higher latency due to network distance: Cloud computing requires transmitting data over networks, which can introduce latency and slow down processing times.
2. Dependence on internet connectivity: Cloud-based systems require a stable internet connection, which can be affected by factors like network congestion or outages.
3. Variable performance: Cloud providers may experience varying levels of demand, which can impact performance and latency.

**Escalabilidad (Scalability)**

Edge Computing:
1. Limited scalability: Edge devices are typically designed for specific use cases and may not scale as easily as cloud-based systems.
2. Physical limitations: Edge devices have physical limitations in terms of processing power, memory, and storage capacity, which can restrict their ability to scale.
3. Management complexity: As edge computing deployments grow, managing multiple devices and ensuring consistency can become complex.

Cloud Computing:
1. Unlimited scalability: Cloud providers offer on-demand resources that can be quickly provisioned or terminated as needed, making it easy to scale up or down.
2. Automated management: Cloud providers handle infrastructure scaling, maintenance, and updates for you, freeing up your IT team to focus on other tasks.
3. Built-in redundancy: Cloud providers often have built-in redundancy and failover capabilities, ensuring high availability and minimizing downtime.

I hope this helps! Let me know if you have any further questions.","Here's an analysis of the advantages and disadvantages of using edge computing versus cloud computing for AI applications, considering cost, privacy, latency, and scalability:

**Costs Operativos (Ope...",2026-01-08T09:40:42.491295,True,,ollama,llama3:8b,4.7,complex,Análisis estructurado multi-aspecto
2,33.8,547,16.18,"Here's an analysis of the advantages and disadvantages of using edge computing versus cloud computing for AI applications, considering the factors you mentioned:

**Costos Operativos (Operational Costs)**

Edge Computing:
1. Reduced egress bandwidth costs: With edge computing, data is processed closer to the source, reducing the amount of data that needs to be transmitted to the cloud or data center.
2. Lower latency costs: Edge computing reduces the need for expensive and complex network infrastructure to handle high-speed data transmission.
3. Simplified infrastructure maintenance: Edge devices are often simpler and easier to maintain than cloud-based systems.

Cloud Computing:
1. Scalability costs: Cloud providers charge based on usage, making it more cost-effective to scale up or down as needed.
2. Economies of scale: Large-scale cloud deployments can take advantage of economies of scale, reducing costs per unit.
3. Predictable expenses: Cloud providers offer predictable pricing models, making budgeting easier.

**Privacidad de Datos (Data Privacy)**

Edge Computing:
1. Data remains on-device: Edge computing processes data locally, keeping sensitive information away from the cloud and potential security threats.
2. Reduced exposure to cyber threats: With edge computing, data is not transmitted over public networks, reducing the risk of cyber attacks.
3. Compliance with regulations: Edge computing can help organizations meet specific regulatory requirements by processing data within a controlled environment.

Cloud Computing:
1. Data encryption: Cloud providers offer robust data encryption and security measures to protect sensitive information.
2. Access controls: Cloud providers implement strict access controls to ensure only authorized personnel can access and manipulate data.
3. Compliance with regulations: Cloud providers have implemented various compliance frameworks, making it easier for organizations to meet regulatory requirements.

**Latencia (Latency)**

Edge Computing:
1. Reduced latency: Edge computing processes data locally, reducing the time it takes for data to travel from source to cloud or data center.
2. Real-time processing: Edge computing enables real-time processing and decision-making, critical in applications like autonomous vehicles or smart grids.
3. Lower network congestion: With edge computing, less data needs to be transmitted over networks, reducing congestion and latency.

Cloud Computing:
1. Higher latency: Cloud-based AI applications may introduce higher latency due to the distance between devices and cloud infrastructure.
2. Network-dependent performance: Cloud computing relies on network connectivity and availability, which can impact overall system performance.
3. Scalability limitations: Cloud computing may not be suitable for real-time processing or low-latency applications that require instant decision-making.

**Escalabilidad (Scalability)**

Edge Computing:
1. Limited scalability: Edge devices often have limited computational resources, making it challenging to scale up processing power as needed.
2. Device-dependent: Edge computing is device-specific, requiring custom development and integration for each edge device type.
3. Overload risks: Edge devices may become overwhelmed if too many data streams are processed simultaneously.

Cloud Computing:
1. Scalable infrastructure: Cloud providers offer scalable infrastructure that can be quickly adjusted to meet changing demands.
2. Flexibility: Cloud computing allows for easy deployment of new services and applications, making it suitable for rapidly evolving AI workloads.
3. High-performance processing: Cloud computing provides access to high-performance processing capabilities, making it ideal for complex AI computations.

Please note that these points are generalizations and may not apply equally to all use cases or industries. The choice between edge computing and cloud computing ultimately depends on the specific requirements of your AI application.","Here's an analysis of the advantages and disadvantages of using edge computing versus cloud computing for AI applications, considering the factors you mentioned:

**Costos Operativos (Operational Cost...",2026-01-08T09:41:16.295541,True,,ollama,llama3:8b,4.7,complex,Análisis estructurado multi-aspecto
3,38.9,639,16.43,"Here are the advantages and disadvantages of using edge computing versus cloud computing for AI applications, considering the four aspects you mentioned:

**Costos Operativos (Operational Costs)**

Edge Computing:
1. Reduced bandwidth usage: By processing data closer to where it's generated, you reduce the amount of data that needs to be transmitted to the cloud or a central location.
2. Lower infrastructure costs: Edge devices are often simpler and less powerful than servers in a cloud environment, reducing the need for expensive hardware.
3. Energy efficiency: Edge devices typically consume less power than cloud-based systems, which can lead to significant energy savings.

Cloud Computing:
1. Scalability: Cloud providers offer on-demand scaling options, allowing you to quickly adapt to changing workload demands without investing in additional infrastructure.
2. Centralized management: Cloud-based services provide a single point of control for managing and monitoring your AI applications, reducing administrative burdens.
3. Economies of scale: Cloud providers can negotiate better deals with hardware vendors, leading to lower costs per unit compared to edge devices.

**Privacidad de Datos (Data Privacy)**

Edge Computing:
1. Reduced data transmission: By processing data locally, you reduce the amount of sensitive information that needs to be transmitted to a central location or cloud.
2. Data sovereignty: Edge computing allows organizations to maintain control over their data and comply with local regulations regarding data storage and processing.
3. Enhanced security: Edge devices can be designed with robust security features to protect sensitive data and prevent unauthorized access.

Cloud Computing:
1. Centralized security: Cloud providers offer robust security measures, including encryption, firewalls, and access controls, to protect user data.
2. Compliance frameworks: Cloud providers comply with major regulatory frameworks, such as GDPR, HIPAA, and PCI-DSS, ensuring that your AI applications are secure and compliant.
3. Auditing and logging: Cloud providers provide detailed auditing and logging capabilities, allowing you to track and monitor access to your data.

**Latencia (Latency)**

Edge Computing:
1. Reduced latency: Edge devices process data closer to where it's generated, resulting in faster response times and reduced latency.
2. Real-time processing: Edge computing enables real-time processing of data, making it ideal for applications that require instant decision-making.
3. Predictive analytics: Edge computing can be used to analyze sensor data and make predictions in real-time, allowing for more rapid responses to changing conditions.

Cloud Computing:
1. High-performance infrastructure: Cloud providers offer high-performance infrastructure, including GPUs and TPUs, for computationally intensive AI workloads.
2. Scalable architecture: Cloud-based architectures are designed to scale horizontally, allowing you to quickly add or remove resources as needed to maintain performance.
3. Optimized workflows: Cloud providers optimize workflows and data transfer rates to ensure efficient processing of AI applications.

**Escalabilidad (Scalability)**

Edge Computing:
1. Limited scalability: Edge devices have limited computing power and memory, making them less suitable for large-scale AI workloads or those that require significant computational resources.
2. Single device limitations: Each edge device has its own limitations, such as processing power, memory, and storage capacity, which can restrict the size of your AI application.
3. Maintenance challenges: Edge devices may require more frequent maintenance and updates due to their location and limited access.

Cloud Computing:
1. Unlimited scalability: Cloud providers offer on-demand scaling options, allowing you to quickly add or remove resources as needed to accommodate growing workload demands.
2. Economies of scale: Cloud providers can negotiate better deals with hardware vendors, leading to lower costs per unit compared to edge devices.
3. High-availability architecture: Cloud-based architectures are designed for high availability, providing redundant systems and failover capabilities to ensure that your AI applications remain available.

Please note that this analysis is a general overview of the advantages and disadvantages of using edge computing versus cloud computing for AI applications. The specific needs and requirements of your organization may vary, and it's essential to consider these factors in addition to the ones mentioned here.","Here are the advantages and disadvantages of using edge computing versus cloud computing for AI applications, considering the four aspects you mentioned:

**Costos Operativos (Operational Costs)**

Ed...",2026-01-08T09:41:55.199859,True,,ollama,llama3:8b,4.7,complex,Análisis estructurado multi-aspecto
1,19.52,239,12.24,"Aquí te dejo un ejemplo de cómo podrías implementar esa función en Python:
```
def fibonacci(n: int) -> list[int]:
    """"""
    Calcula los primeros n números de la secuencia de Fibonacci.

    Args:
        n (int): El número de elementos que se desean obtener.

    Returns:
        list[int]: La lista de los primeros n números de la secuencia de Fibonacci.
    """"""
    if not isinstance(n, int):
        raise TypeError(""El parámetro n debe ser un entero"")

    if n <= 0:
        return []

    fib_sequence = [0, 1]
    while len(fib_sequence) < n:
        a, b = fib_sequence[-2:]
        fib_sequence.append(a + b)

    return fib_sequence[:n]
```
La función `fibonacci` toma un entero `n` como parámetro y devuelve una lista de enteros que contiene los primeros `n` números de la secuencia de Fibonacci.

En la docstring, se especifica que el parámetro `n` debe ser un entero, y que la función devuelve una lista de enteros. Además, hay algunas assertions para asegurarse de que el parámetro es válido.

La función utiliza una estrategia iterativa para calcular los primeros `n` números de la secuencia de Fibonacci. Primero, inicializa la secuencia con los dos primeros elementos (0 y 1). Luego, entra en un bucle que se repite hasta que la secuencia tenga al menos `n` elementos. En cada iteración del bucle, calcula el próximo elemento como la suma de los dos últimos elementos de la secuencia, y lo agrega a la lista.

Finalmente, devuelve la parte inicial de la lista (hasta el `n-ésimo` elemento) utilizando slicing (`[:n]`).","Aquí te dejo un ejemplo de cómo podrías implementar esa función en Python:
```
def fibonacci(n: int) -> list[int]:
    """"""
    Calcula los primeros n números de la secuencia de Fibonacci.

    Args:
 ...",2026-01-08T09:42:14.721778,True,,ollama,llama3:8b,4.7,coding,Generación de código con documentación
2,18.32,229,12.5,"Aquí te dejo un ejemplo de cómo podrías implementar una función en Python para calcular los primeros `n` números de la secuencia de Fibonacci:
```
def fibonacci(n: int) -> list[int]:
    """"""
    Calcula los primeros n números de la secuencia de Fibonacci.

    Args:
        n (int): El número de términos que se desean calcular.

    Returns:
        list[int]: Una lista con los primeros n números de la secuencia de Fibonacci.
    """"""
    if n <= 0:
        raise ValueError(""n debe ser un entero positivo"")

    fib_sequence = [0, 1]
    while len(fib_sequence) < n:
        a, b = fib_sequence[-2:]
        fib_sequence.append(a + b)

    return fib_sequence[:n]
```
La función `fibonacci` toma un parámetro `n` de tipo entero que indica el número de términos que se desean calcular. La función devuelve una lista de enteros con los primeros `n` números de la secuencia de Fibonacci.

En la documentación, expliqué que la función calcula la secuencia de Fibonacci utilizando un bucle while que se repite mientras la longitud de la lista no sea igual a `n`. En cada iteración del bucle, se calcula el próximo término de la secuencia como la suma de los dos términos anteriores.

La función también incluye una verificación para asegurarse de que `n` es un entero positivo. Si `n` es cero o negativo, se lanza una excepción `ValueError`.

Finalmente, la función devuelve la lista con los primeros `n` números de la secuencia de Fibonacci utilizando slicing (`[:n]`).","Aquí te dejo un ejemplo de cómo podrías implementar una función en Python para calcular los primeros `n` números de la secuencia de Fibonacci:
```
def fibonacci(n: int) -> list[int]:
    """"""
    Calcu...",2026-01-08T09:42:33.042982,True,,ollama,llama3:8b,4.7,coding,Generación de código con documentación
3,20.46,245,11.98,"Aquí te dejo un ejemplo de cómo podrías implementar esta función en Python:
```
def fibonacci(n: int) -> list[int]:
    """"""
    Calcula los primeros n números de la secuencia de Fibonacci.

    La secuencia de Fibonacci es una sucesión de números que comienza con 0 y 1, y cada término
    es la suma de los dos términos anteriores. Por ejemplo: 0, 1, 1, 2, 3, 5, 8, 13, ...

    Args:
        n (int): El número de términos que se desean calcular.

    Returns:
        list[int]: Una lista con los primeros n números de la secuencia de Fibonacci.
    """"""
    if n <= 0:
        return []

    fib_sequence = [0, 1]
    while len(fib_sequence) < n:
        a, b = fib_sequence[-2:]
        fib_sequence.append(a + b)

    return fib_sequence[:n]
```
La función `fibonacci` toma un entero `n` como parámetro y devuelve una lista de enteros con los primeros `n` números de la secuencia de Fibonacci.

La función utiliza un bucle `while` para calcular los términos de la secuencia hasta que alcanza el número `n`. En cada iteración, se actualiza la lista `fib_sequence` agregando el término nuevo, que es la suma del último término y el segundo útimo término.

La función también incluye una verificación inicial para asegurarse de que el parámetro `n` sea mayor o igual a 1. Si `n` es menor o igual a 0, se devuelve una lista vacía ya que no hay términos de la secuencia de Fibonacci.

Finalmente, la función utiliza slicing (`[:n]`) para devolver solo los primeros `n` elementos de la lista `fib_sequence`.","Aquí te dejo un ejemplo de cómo podrías implementar esta función en Python:
```
def fibonacci(n: int) -> list[int]:
    """"""
    Calcula los primeros n números de la secuencia de Fibonacci.

    La sec...",2026-01-08T09:42:53.503346,True,,ollama,llama3:8b,4.7,coding,Generación de código con documentación
